{
  "Resources": {
    "VPC": {
      "Type": "AWS::EC2::VPC",
      "Properties": {
        "CidrBlock": "10.1.0.0/16",
        "EnableDnsSupport": true,
        "EnableDnsHostnames": true,
        "InstanceTenancy": "default",
        "Tags": [
          {
            "Value": "laravel_demo_vpc",
            "Key": "Name"
          }
        ]
      }
    },
    "InternetGateway": {
      "Type": "AWS::EC2::InternetGateway",
      "Properties": {
        "Tags": [
          {
            "Value": "laravel_demo_igw",
            "Key": "Name"
          }
        ]
      }
    },
    "InternetGatewayAttachment": {
      "Type": "AWS::EC2::VPCGatewayAttachment",
      "Properties": {
        "VpcId": {
          "Ref": "VPC"
        },
        "InternetGatewayId": {
          "Ref": "InternetGateway"
        }
      }
    },
    "PublicSubnet1": {
      "Type": "AWS::EC2::Subnet",
      "Properties": {
        "VpcId": {
          "Ref": "VPC"
        },
        "AvailabilityZoneId": "use1-az4",
        "CidrBlock": "10.1.0.0/20",
        "MapPublicIpOnLaunch": true,
        "Tags": [
          {
            "Value": "laravel_demo_public_subnet_1",
            "Key": "Name"
          }
        ]
      }
    },
    "PrivateSubnet1": {
      "Type": "AWS::EC2::Subnet",
      "Properties": {
        "VpcId": {
          "Ref": "VPC"
        },
        "AvailabilityZoneId": "use1-az4",
        "CidrBlock": "10.1.128.0/20",
        "MapPublicIpOnLaunch": false,
        "Tags": [
          {
            "Value": "laravel_demo_private_subnet_1",
            "Key": "Name"
          }
        ]
      }
    },
    "PublicSubnet2": {
      "Type": "AWS::EC2::Subnet",
      "Properties": {
        "VpcId": {
          "Ref": "VPC"
        },
        "AvailabilityZoneId": "use1-az6",
        "CidrBlock": "10.1.16.0/20",
        "MapPublicIpOnLaunch": true,
        "Tags": [
          {
            "Value": "laravel_demo_public_subnet_2",
            "Key": "Name"
          }
        ]
      }
    },
    "PrivateSubnet2": {
      "Type": "AWS::EC2::Subnet",
      "Properties": {
        "VpcId": {
          "Ref": "VPC"
        },
        "AvailabilityZoneId": "use1-az6",
        "CidrBlock": "10.1.144.0/20",
        "MapPublicIpOnLaunch": false,
        "Tags": [
          {
            "Value": "laravel_demo_private_subnet_2",
            "Key": "Name"
          }
        ]
      }
    },
    "PublicRouteTable": {
      "Type": "AWS::EC2::RouteTable",
      "Properties": {
        "VpcId": {
          "Ref": "VPC"
        },
        "Tags": [
          {
            "Value": "laravel_demo_rtb_public",
            "Key": "Name"
          }
        ]
      }
    },
    "PublicRoute": {
      "Type": "AWS::EC2::Route",
      "Properties": {
        "RouteTableId": {
          "Ref": "PublicRouteTable"
        },
        "DestinationCidrBlock": "0.0.0.0/0",
        "GatewayId": {
          "Ref": "InternetGateway"
        }
      }
    },
    "PublicSubnet1RouteTableAssociation": {
      "Type": "AWS::EC2::SubnetRouteTableAssociation",
      "Properties": {
        "RouteTableId": {
          "Ref": "PublicRouteTable"
        },
        "SubnetId": {
          "Ref": "PublicSubnet1"
        }
      }
    },
    "PublicSubnet2RouteTableAssociation": {
      "Type": "AWS::EC2::SubnetRouteTableAssociation",
      "Properties": {
        "RouteTableId": {
          "Ref": "PublicRouteTable"
        },
        "SubnetId": {
          "Ref": "PublicSubnet2"
        }
      }
    },
    "PrivateRouteTable": {
      "Type": "AWS::EC2::RouteTable",
      "Properties": {
        "VpcId": {
          "Ref": "VPC"
        }
      }
    },
    "PrivateSubnet1RouteTableAssociation": {
      "Type": "AWS::EC2::SubnetRouteTableAssociation",
      "Properties": {
        "RouteTableId": {
          "Ref": "PrivateRouteTable"
        },
        "SubnetId": {
          "Ref": "PrivateSubnet1"
        }
      }
    },
    "PrivateSubnet2RouteTableAssociation": {
      "Type": "AWS::EC2::SubnetRouteTableAssociation",
      "Properties": {
        "RouteTableId": {
          "Ref": "PrivateRouteTable"
        },
        "SubnetId": {
          "Ref": "PrivateSubnet2"
        }
      }
    },
    "SecurityGroupSshHttpHttps": {
      "Type": "AWS::EC2::SecurityGroup",
      "Properties": {
        "VpcId": {
          "Ref": "VPC"
        },
        "GroupDescription": "Allow SSH, HTTP, HTTPS access.",
        "SecurityGroupIngress": [
          {
            "CidrIp": "0.0.0.0/0",
            "IpProtocol": "tcp",
            "FromPort": 22,
            "ToPort": 22
          },
          {
            "CidrIp": "0.0.0.0/0",
            "IpProtocol": "tcp",
            "FromPort": 80,
            "ToPort": 80
          },
          {
            "CidrIp": "0.0.0.0/0",
            "IpProtocol": "tcp",
            "FromPort": 443,
            "ToPort": 443
          },
          {
            "CidrIp": "0.0.0.0/0",
            "IpProtocol": "tcp",
            "FromPort": 8000,
            "ToPort": 8000
          },
          {
            "CidrIp": "0.0.0.0/0",
            "IpProtocol": "tcp",
            "FromPort": 8001,
            "ToPort": 8001
          },
          {
            "CidrIp": "0.0.0.0/0",
            "IpProtocol": "tcp",
            "FromPort": 8002,
            "ToPort": 8002
          }
        ],
        "Tags": [
          {
            "Value": "laravel_demo_sg",
            "Key": "Name"
          }
        ]
      }
    },
    "EC2Instance": {
      "Type": "AWS::EC2::Instance",
      "Properties": {
        "ImageId": "ami-080e1f13689e07408",
        "InstanceType": "t2.micro",
        "KeyName": "laravel_demo",
        "SubnetId": {
          "Ref": "PublicSubnet1"
        },
        "SecurityGroupIds": [
          {
            "Ref": "SecurityGroupSshHttpHttps"
          }
        ],
        "Tags": [
          {
            "Value": "laravel_demo_ec2_instance",
            "Key": "Name"
          }
        ],
        "UserData": {
          "Fn::Base64": {
            "Fn::Join": [
              "",
              [
                "#!/bin/bash -ex\n",
                "git clone https://github.com/rcravens/devops-laravel.git /usr/local/bin/devops\n",
                "/usr/local/bin/devops/common/create_aliases.sh\n",
                "source ~/.bashrc\n",
              ]
            ]
          }
        }
      }
    }
  }
}